directory,Number of Labels,Success Rate,True Postive / True Negative,False Postive / False Negative
DR8,31,0.8636363636363636,"[57, 0]","[9, 0]"
DR1,47,0.7755102040816326,"[76, 0]","[22, 0]"
DR2,100,0.7598039215686274,"[155, 0]","[49, 0]"
DR3,100,0.8480392156862745,"[173, 0]","[31, 0]"
DR4,98,0.835,"[167, 0]","[33, 0]"
DR5,96,0.7908163265306123,"[155, 0]","[41, 0]"
DR6,44,0.8913043478260869,"[82, 0]","[10, 0]"
DR7,98,0.87,"[174, 0]","[26, 0]"
