Path,Number of Labels,Success Rate,True Postive / True Negative,False Postive / False Negative
DR1,49,0.8163265306122449,"[80, 0]","[18, 0]"
DR2,102,0.7794117647058824,"[159, 0]","[45, 0]"
DR3,102,0.8627450980392157,"[176, 0]","[28, 0]"
DR4,100,0.855,"[171, 0]","[29, 0]"
DR5,98,0.8112244897959183,"[159, 0]","[37, 0]"
DR6,46,0.9130434782608695,"[84, 0]","[8, 0]"
DR7,100,0.89,"[178, 0]","[22, 0]"
DR8,33,0.9242424242424242,"[61, 0]","[5, 0]"
